Year,Sampling,Technique,Classifier,Test Split Size,Train Split Size,Iteration,Training Data,Precision,Recall,AUC,Accuracy
Problems_in_China,Oversampling,SMOTE,Logistic Regression,0.17,0.83,1,5%,0.805905220288782,0.4396364554405453,0.6668757146550601,0.6668728461606432
Problems_in_China,Oversampling,SMOTE,Decision Tree,0.17,0.83,1,5%,0.8317244530759125,0.46089323584338304,0.6838238414451453,0.6838273695538639
Problems_in_China,Oversampling,SMOTE,Naive Bayes,0.17,0.83,1,5%,0.8480937546358107,0.48496415998642745,0.699049921533698,0.699049921533698
Problems_in_China,Oversampling,SMOTE,XGBoost,0.17,0.83,1,5%,0.8420760785183542,0.48795064584538267,0.6982199087462245,0.6982199087462245
Problems_in_China,Oversampling,SMOTE,Random Forest,0.17,0.83,1,5%,0.8491632253857857,0.4874001996007984,0.7004170762254959,0.7004303623775963
Problems_in_China,Oversampling,SMOTE,Logistic Regression,0.33,0.67,1,5%,0.800847671426409,0.4007068921989397,0.6505289112715267,0.6505257577096404
Problems_in_China,Oversampling,SMOTE,Decision Tree,0.33,0.67,1,5%,0.8279416992534661,0.4423131706390656,0.6751984920106766,0.675202177663127
Problems_in_China,Oversampling,SMOTE,Naive Bayes,0.33,0.67,1,5%,0.8472699503627339,0.47058574034016204,0.6928786529244604,0.6928786529244603
Problems_in_China,Oversampling,SMOTE,XGBoost,0.33,0.67,1,5%,0.8473891072431219,0.48493027440395864,0.6987982777456462,0.6987982777456462
Problems_in_China,Oversampling,SMOTE,Random Forest,0.33,0.67,1,5%,0.8595567259161729,0.48864770459081835,0.7044086720534235,0.7044221293581987
Problems_in_China,Oversampling,SMOTE,Logistic Regression,0.5,0.5,1,5%,0.7405452626214829,0.5136329209795506,0.6668369103875258,0.666834976457668
Problems_in_China,Oversampling,SMOTE,Decision Tree,0.5,0.5,1,5%,0.6106340819022457,0.9364099642325832,0.6696672850852097,0.6696630636048554
Problems_in_China,Oversampling,SMOTE,Naive Bayes,0.5,0.5,1,5%,0.7855470480288553,0.5265300928871358,0.6913941553208637,0.6913941553208636
Problems_in_China,Oversampling,SMOTE,XGBoost,0.5,0.5,1,5%,0.7830672748004561,0.5295932138037401,0.6914401388085598,0.6914401388085598
Problems_in_China,Oversampling,SMOTE,Random Forest,0.5,0.5,1,5%,0.6206896551724138,0.9431137724550899,0.68341917885571,0.6834029813509637
Problems_in_China,Oversampling,SMOTE,Logistic Regression,0.67,0.33,1,5%,0.311587982832618,0.8590519941532679,0.7192934676249594,0.6302275969148815
Problems_in_China,Oversampling,SMOTE,Decision Tree,0.67,0.33,1,5%,0.3141835216661919,0.8868834882058614,0.7350851713555511,0.6370614208618861
Problems_in_China,Oversampling,SMOTE,Naive Bayes,0.67,0.33,1,5%,0.3215845951562964,0.9039103481163567,0.7456532600097854,0.6436993680281631
Problems_in_China,Oversampling,SMOTE,XGBoost,0.67,0.33,1,5%,0.3253004305635885,0.9097771387491014,0.7494929985161111,0.6465201465201466
Problems_in_China,Oversampling,SMOTE,Random Forest,0.67,0.33,1,5%,0.31973552894211577,0.9072566371681416,0.7472003961128413,0.6435476829040104
Problems_in_China,Oversampling,SMOTE,Logistic Regression,0.83,0.17,1,5%,0.4529159303206261,0.8035474334856222,0.6710917605098549,0.6710890064252263
Problems_in_China,Oversampling,SMOTE,Decision Tree,0.83,0.17,1,5%,0.4815940239926566,0.8280272108843537,0.6907875165225041,0.6907908272271195
Problems_in_China,Oversampling,SMOTE,Naive Bayes,0.83,0.17,1,5%,0.5042626288331848,0.8534816941852118,0.7088476057174363,0.7088476057174364
Problems_in_China,Oversampling,SMOTE,XGBoost,0.83,0.17,1,5%,0.514041514041514,0.8483402269593806,0.7110725531778163,0.7110725531778164
Problems_in_China,Oversampling,SMOTE,Random Forest,0.83,0.17,1,5%,0.5134730538922155,0.8639798488664987,0.7163224069510972,0.7163350589409343
Problems_in_China,Oversampling,SMOTE,Logistic Regression,0.17,0.83,2,10%,0.9117174959871589,0.34932349323493234,0.6577594724933112,0.6578542883492161
Problems_in_China,Oversampling,SMOTE,Decision Tree,0.17,0.83,2,10%,0.8926654740608229,0.3844375963020031,0.6690884974570925,0.6689788053949903
Problems_in_China,Oversampling,SMOTE,Naive Bayes,0.17,0.83,2,10%,0.8877118644067796,0.43285123966942146,0.6890495867768595,0.6890495867768595
Problems_in_China,Oversampling,SMOTE,XGBoost,0.17,0.83,2,10%,0.9191919191919192,0.4272300469483568,0.6948356807511736,0.6948356807511737
Problems_in_China,Oversampling,SMOTE,Random Forest,0.17,0.83,2,10%,0.9107142857142857,0.4636363636363636,0.7090218292345951,0.708649468892261
Problems_in_China,Oversampling,SMOTE,Logistic Regression,0.33,0.67,2,10%,0.5655619596541787,0.965559655596556,0.6121590533668091,0.612050415001537
Problems_in_China,Oversampling,SMOTE,Decision Tree,0.33,0.67,2,10%,0.8907363420427553,0.2889060092449923,0.6267197740904992,0.6265895953757226
Problems_in_China,Oversampling,SMOTE,Naive Bayes,0.33,0.67,2,10%,0.88268156424581,0.32644628099173556,0.6415289256198347,0.6415289256198347
Problems_in_China,Oversampling,SMOTE,XGBoost,0.33,0.67,2,10%,0.9383259911894273,0.3333333333333333,0.6557120500782472,0.6557120500782473
Problems_in_China,Oversampling,SMOTE,Random Forest,0.33,0.67,2,10%,0.6103646833013435,0.9636363636363636,0.6733075435203095,0.6737481031866465
Problems_in_China,Oversampling,SMOTE,Logistic Regression,0.5,0.5,2,10%,0.6122950819672132,0.9188191881918819,0.6686904791604769,0.6686135874577314
Problems_in_China,Oversampling,SMOTE,Decision Tree,0.5,0.5,2,10%,0.7941176470588235,0.49922958397534667,0.6848499500447282,0.6847784200385356
Problems_in_China,Oversampling,SMOTE,Naive Bayes,0.5,0.5,2,10%,0.8006329113924051,0.5227272727272727,0.6962809917355371,0.6962809917355371
Problems_in_China,Oversampling,SMOTE,XGBoost,0.5,0.5,2,10%,0.7990074441687345,0.5039123630672926,0.6885758998435054,0.6885758998435054
Problems_in_China,Oversampling,SMOTE,Random Forest,0.5,0.5,2,10%,0.8450704225352113,0.5454545454545454,0.7225752970433821,0.7223065250379362
Problems_in_China,Oversampling,SMOTE,Logistic Regression,0.67,0.33,2,10%,0.22386223862238622,0.8564705882352941,0.7051094101006741,0.5932984936981248
Problems_in_China,Oversampling,SMOTE,Decision Tree,0.67,0.33,2,10%,0.9599383667180277,0.5757855822550831,0.7275679651414626,0.626204238921002
Problems_in_China,Oversampling,SMOTE,Naive Bayes,0.67,0.33,2,10%,0.9679752066115702,0.5845290081097941,0.7457179575083505,0.6399793388429752
Problems_in_China,Oversampling,SMOTE,XGBoost,0.67,0.33,2,10%,0.9577464788732394,0.591304347826087,0.740096618357488,0.647887323943662
Problems_in_China,Oversampling,SMOTE,Random Forest,0.67,0.33,2,10%,0.9545454545454546,0.5932203389830508,0.7380164194915254,0.6494688922610015
Problems_in_China,Oversampling,SMOTE,Logistic Regression,0.83,0.17,2,10%,0.9366543665436654,0.6133709222714459,0.6733056712865837,0.673224715647095
Problems_in_China,Oversampling,SMOTE,Decision Tree,0.83,0.17,2,10%,0.38058551617873654,0.8868940754039497,0.6660059423607638,0.6658959537572254
Problems_in_China,Oversampling,SMOTE,Naive Bayes,0.83,0.17,2,10%,0.4256198347107438,0.8841201716738197,0.6849173553719008,0.6849173553719008
Problems_in_China,Oversampling,SMOTE,XGBoost,0.83,0.17,2,10%,0.405320813771518,0.9087719298245615,0.6823161189358373,0.6823161189358372
Problems_in_China,Oversampling,SMOTE,Random Forest,0.83,0.17,2,10%,0.9393939393939394,0.6339468302658486,0.697660495532836,0.6980273141122914
Problems_in_China,Oversampling,SMOTE,Logistic Regression,0.17,0.83,3,15%,0.8323090430201932,0.3886838868388684,0.6551865518655186,0.6551865518655187
Problems_in_China,Oversampling,SMOTE,Decision Tree,0.17,0.83,3,15%,0.8606911447084233,0.4095580678314491,0.6716170801882181,0.6715497301464919
Problems_in_China,Oversampling,SMOTE,Naive Bayes,0.17,0.83,3,15%,0.881491344873502,0.4559228650137741,0.6972929280272179,0.6972097829831209
Problems_in_China,Oversampling,SMOTE,XGBoost,0.17,0.83,3,15%,0.9266802443991853,0.47494780793319413,0.7186847599164926,0.7186847599164927
Problems_in_China,Oversampling,SMOTE,Random Forest,0.17,0.83,3,15%,0.890625,0.46153846153846156,0.702429149797571,0.7024291497975709
Problems_in_China,Oversampling,SMOTE,Logistic Regression,0.33,0.67,3,15%,0.8241626794258373,0.2824928249282493,0.6111111111111112,0.6111111111111112
Problems_in_China,Oversampling,SMOTE,Decision Tree,0.33,0.67,3,15%,0.8436213991769548,0.316032887975334,0.628710531391266,0.6286301721922385
Problems_in_China,Oversampling,SMOTE,Naive Bayes,0.33,0.67,3,15%,0.8739635157545605,0.36294765840220383,0.6552849939150923,0.6551842921116087
Problems_in_China,Oversampling,SMOTE,XGBoost,0.33,0.67,3,15%,0.9232673267326733,0.3893528183716075,0.6784968684759917,0.6784968684759917
Problems_in_China,Oversampling,SMOTE,Random Forest,0.33,0.67,3,15%,0.9041095890410958,0.4008097165991903,0.6791497975708503,0.6791497975708503
Problems_in_China,Oversampling,SMOTE,Logistic Regression,0.5,0.5,3,15%,0.7987987987987988,0.4362443624436244,0.6631816318163181,0.6631816318163182
Problems_in_China,Oversampling,SMOTE,Decision Tree,0.5,0.5,3,15%,0.8514563106796117,0.45066803699897223,0.686002398962211,0.6859419172449241
Problems_in_China,Oversampling,SMOTE,Naive Bayes,0.5,0.5,3,15%,0.8778337531486146,0.4800275482093664,0.7065885501212235,0.7065105063727178
Problems_in_China,Oversampling,SMOTE,XGBoost,0.5,0.5,3,15%,0.9165085388994307,0.5041753653444676,0.7291231732776619,0.7291231732776617
Problems_in_China,Oversampling,SMOTE,Random Forest,0.5,0.5,3,15%,0.8905109489051095,0.4939271255060729,0.7165991902834008,0.7165991902834008
Problems_in_China,Oversampling,SMOTE,Logistic Regression,0.67,0.33,3,15%,0.25010250102501025,0.7800511508951407,0.6667589738850703,0.5897908979089791
Problems_in_China,Oversampling,SMOTE,Decision Tree,0.67,0.33,3,15%,0.31500513874614594,0.8502080443828016,0.7148516562608014,0.6296581855564123
Problems_in_China,Oversampling,SMOTE,Naive Bayes,0.67,0.33,3,15%,0.33539944903581265,0.8952205882352942,0.7430744738548238,0.6479503961419222
Problems_in_China,Oversampling,SMOTE,XGBoost,0.67,0.33,3,15%,0.33924843423799583,0.9365994236311239,0.7665788705153709,0.6581419624217119
Problems_in_China,Oversampling,SMOTE,Random Forest,0.67,0.33,3,15%,0.3805668016194332,0.9353233830845771,0.7732525428764689,0.6771255060728745
Problems_in_China,Oversampling,SMOTE,Logistic Regression,0.83,0.17,3,15%,0.3501435014350143,0.8480635551142006,0.6437064370643706,0.6437064370643707
Problems_in_China,Oversampling,SMOTE,Decision Tree,0.83,0.17,3,15%,0.38386433710174717,0.8777908343125734,0.6651969500418762,0.665124646620406
Problems_in_China,Oversampling,SMOTE,Naive Bayes,0.83,0.17,3,15%,0.44490358126721763,0.8789115646258503,0.6917832861539396,0.691698243196693
Problems_in_China,Oversampling,SMOTE,XGBoost,0.83,0.17,3,15%,0.4603340292275574,0.9225941422594143,0.7108559498956157,0.7108559498956158
Problems_in_China,Oversampling,SMOTE,Random Forest,0.83,0.17,3,15%,0.4493927125506073,0.9173553719008265,0.7044534412955467,0.7044534412955465
Problems_in_China,Oversampling,SMOTE,Logistic Regression,0.17,0.83,4,20%,0.8362470862470862,0.4412669126691267,0.6774292742927429,0.6774292742927429
Problems_in_China,Oversampling,SMOTE,Decision Tree,0.17,0.83,4,20%,0.8815489749430524,0.44757131842713954,0.693716268311488,0.693716268311488
Problems_in_China,Oversampling,SMOTE,Naive Bayes,0.17,0.83,4,20%,0.8751219512195122,0.4635658914728682,0.6987250944967647,0.6987858434513046
Problems_in_China,Oversampling,SMOTE,XGBoost,0.17,0.83,4,20%,0.8577648766328012,0.4624413145539906,0.6928494748181072,0.6927592954990215
Problems_in_China,Oversampling,SMOTE,Random Forest,0.17,0.83,4,20%,0.9144542772861357,0.47112462006079026,0.7135592751290295,0.7137433561123766
Problems_in_China,Oversampling,SMOTE,Logistic Regression,0.33,0.67,4,20%,0.8220757825370676,0.3068880688806888,0.6202337023370234,0.6202337023370234
Problems_in_China,Oversampling,SMOTE,Decision Tree,0.33,0.67,4,20%,0.8605947955390335,0.35697764070932925,0.6495759444872783,0.6495759444872783
Problems_in_China,Oversampling,SMOTE,Naive Bayes,0.33,0.67,4,20%,0.8544232922732363,0.3943152454780362,0.6635832425737289,0.6636528028933092
Problems_in_China,Oversampling,SMOTE,XGBoost,0.33,0.67,4,20%,0.8473154362416108,0.3951486697965571,0.661943951186454,0.6618395303326811
Problems_in_China,Oversampling,SMOTE,Random Forest,0.33,0.67,4,20%,0.919732441471572,0.41793313069908816,0.6907571571553104,0.6909643128321944
Problems_in_China,Oversampling,SMOTE,Logistic Regression,0.5,0.5,4,20%,0.8160127253446448,0.4732472324723247,0.6832718327183271,0.6832718327183271
Problems_in_China,Oversampling,SMOTE,Decision Tree,0.5,0.5,4,20%,0.8523263654753878,0.48727833461835,0.7014263685427911,0.7014263685427911
Problems_in_China,Oversampling,SMOTE,Naive Bayes,0.5,0.5,4,20%,0.6365300146412884,0.8987080103359173,0.6928973935977107,0.6928442262981142
Problems_in_China,Oversampling,SMOTE,XGBoost,0.5,0.5,4,20%,0.8617886178861789,0.49765258215962443,0.7088889379083165,0.7088062622309198
Problems_in_China,Oversampling,SMOTE,Random Forest,0.5,0.5,4,20%,0.6323529411764706,0.9148936170212766,0.691892939011397,0.6917236142748672
Problems_in_China,Oversampling,SMOTE,Logistic Regression,0.67,0.33,4,20%,0.27921279212792127,0.7747440273037542,0.6675670624140677,0.5990159901599016
Problems_in_China,Oversampling,SMOTE,Decision Tree,0.67,0.33,4,20%,0.3469545104086353,0.8712487899322362,0.7317736127759857,0.6478411719352352
Problems_in_China,Oversampling,SMOTE,Naive Bayes,0.67,0.33,4,20%,0.3509043927648579,0.8705128205128205,0.7320859152709687,0.649444587961767
Problems_in_China,Oversampling,SMOTE,XGBoost,0.67,0.33,4,20%,0.3599374021909233,0.8778625954198473,0.737552666493774,0.6547945205479452
Problems_in_China,Oversampling,SMOTE,Random Forest,0.67,0.33,4,20%,0.37537993920972645,0.9114391143911439,0.7592568420904093,0.6697038724373576
Problems_in_China,Oversampling,SMOTE,Logistic Regression,0.83,0.17,4,20%,0.43665436654366546,0.8251016850668216,0.6720479704797048,0.6720479704797048
Problems_in_China,Oversampling,SMOTE,Decision Tree,0.83,0.17,4,20%,0.425597532767926,0.8939271255060729,0.6875481881264456,0.6875481881264457
Problems_in_China,Oversampling,SMOTE,Naive Bayes,0.83,0.17,4,20%,0.4532299741602067,0.8948979591836734,0.7000137474106818,0.7000774993541721
Problems_in_China,Oversampling,SMOTE,XGBoost,0.83,0.17,4,20%,0.4460093896713615,0.8636363636363636,0.687765853802008,0.6876712328767123
Problems_in_China,Oversampling,SMOTE,Random Forest,0.83,0.17,4,20%,0.46504559270516715,0.9216867469879518,0.7127959374754971,0.7129840546697038
Problems_in_China,Oversampling,SMOTE,Logistic Regression,0.17,0.83,5,25%,0.8175508180466039,0.4056580565805658,0.6575645756457564,0.6575645756457564
Problems_in_China,Oversampling,SMOTE,Decision Tree,0.17,0.83,5,25%,0.8463371054198928,0.4381745297563984,0.6792970119479093,0.6792598303777949
Problems_in_China,Oversampling,SMOTE,Naive Bayes,0.17,0.83,5,25%,0.8503236245954693,0.4344770566349731,0.6790153878216187,0.679065922711304
Problems_in_China,Oversampling,SMOTE,XGBoost,0.17,0.83,5,25%,0.8642691415313225,0.4664996869129618,0.6966186599874765,0.6966186599874765
Problems_in_China,Oversampling,SMOTE,Random Forest,0.17,0.83,5,25%,0.8429203539823009,0.4629404617253949,0.6883353584447145,0.6883353584447145
Problems_in_China,Oversampling,SMOTE,Logistic Regression,0.33,0.67,5,25%,0.8089080459770115,0.2769987699876999,0.6057810578105781,0.6057810578105781
Problems_in_China,Oversampling,SMOTE,Decision Tree,0.33,0.67,5,25%,0.8368580060422961,0.34165895775516497,0.637516708982456,0.6374710871241326
Problems_in_China,Oversampling,SMOTE,Naive Bayes,0.33,0.67,5,25%,0.8444444444444444,0.34559735427862753,0.6409804953211319,0.6410415375077495
Problems_in_China,Oversampling,SMOTE,XGBoost,0.33,0.67,5,25%,0.8440111420612814,0.3794614902943018,0.6546649968691297,0.6546649968691296
Problems_in_China,Oversampling,SMOTE,Random Forest,0.33,0.67,5,25%,0.8483290488431876,0.40097205346294046,0.6646415552855407,0.6646415552855407
Problems_in_China,Oversampling,SMOTE,Logistic Regression,0.5,0.5,5,25%,0.7491891891891892,0.5114391143911439,0.6701107011070111,0.6701107011070111
Problems_in_China,Oversampling,SMOTE,Decision Tree,0.5,0.5,5,25%,0.8243610657966286,0.467468393462843,0.6839192676752833,0.6838858905165767
Problems_in_China,Oversampling,SMOTE,Naive Bayes,0.5,0.5,5,25%,0.6384129846708747,0.8780487804878049,0.690470671235638,0.6904319074188882
Problems_in_China,Oversampling,SMOTE,XGBoost,0.5,0.5,5,25%,0.8150234741784037,0.54351909830933,0.7100814026299311,0.7100814026299311
Problems_in_China,Oversampling,SMOTE,Random Forest,0.5,0.5,5,25%,0.8402489626556017,0.49210206561360875,0.6992709599027946,0.6992709599027946
Problems_in_China,Oversampling,SMOTE,Logistic Regression,0.67,0.33,5,25%,0.27035670356703567,0.7883787661406025,0.6740290505287335,0.5988929889298893
Problems_in_China,Oversampling,SMOTE,Decision Tree,0.67,0.33,5,25%,0.3108233117483811,0.847771236333053,0.7128773100094268,0.6274479568234387
Problems_in_China,Oversampling,SMOTE,Naive Bayes,0.67,0.33,5,25%,0.32079371641174037,0.8828213879408419,0.733961199020926,0.6391816491010539
Problems_in_China,Oversampling,SMOTE,XGBoost,0.67,0.33,5,25%,0.34502191609267374,0.884430176565008,0.7387922955948338,0.6499686912961803
Problems_in_China,Oversampling,SMOTE,Random Forest,0.67,0.33,5,25%,0.35844471445929527,0.8885542168674698,0.7433638664246025,0.6567436208991495
Problems_in_China,Oversampling,SMOTE,Logistic Regression,0.83,0.17,5,25%,0.39138991389913896,0.8192584963954685,0.6525215252152522,0.6525215252152522
Problems_in_China,Oversampling,SMOTE,Decision Tree,0.83,0.17,5,25%,0.42368177613321,0.8383160463697377,0.6709710546304544,0.6709329221279877
Problems_in_China,Oversampling,SMOTE,Naive Bayes,0.83,0.17,5,25%,0.42166184373708143,0.8614864864864865,0.6769466243478796,0.6769993800371977
Problems_in_China,Oversampling,SMOTE,XGBoost,0.83,0.17,5,25%,0.45021916092673764,0.8610778443113772,0.6887914840325611,0.6887914840325611
Problems_in_China,Oversampling,SMOTE,Random Forest,0.83,0.17,5,25%,0.4520048602673147,0.8378378378378378,0.6822600243013366,0.6822600243013366
Problems_in_China,Oversampling,SMOTE,Logistic Regression,0.17,0.83,6,30%,0.8009516256938938,0.41418905064588885,0.6556390107677988,0.6556637621732445
Problems_in_China,Oversampling,SMOTE,Decision Tree,0.17,0.83,6,30%,0.8259418216499762,0.4452442159383033,0.675718998228725,0.6757486184295077
Problems_in_China,Oversampling,SMOTE,Naive Bayes,0.17,0.83,6,30%,0.8515674984005118,0.45849121598346537,0.6892869445401308,0.689286944540131
Problems_in_China,Oversampling,SMOTE,XGBoost,0.17,0.83,6,30%,0.8477206595538312,0.4561586638830898,0.6871085594989561,0.6871085594989561
Problems_in_China,Oversampling,SMOTE,Random Forest,0.17,0.83,6,30%,0.8685714285714285,0.46200607902735563,0.6960840111735969,0.6962025316455697
Problems_in_China,Oversampling,SMOTE,Logistic Regression,0.33,0.67,6,30%,0.7874186550976139,0.29772401066229237,0.6086816035271282,0.6087134802665299
Problems_in_China,Oversampling,SMOTE,Decision Tree,0.33,0.67,6,30%,0.8207489257213014,0.34370179948586116,0.6343284119505892,0.6343657627554299
Problems_in_China,Oversampling,SMOTE,Naive Bayes,0.33,0.67,6,30%,0.832468495181616,0.3868411987599035,0.6544953496383052,0.6544953496383052
Problems_in_China,Oversampling,SMOTE,XGBoost,0.33,0.67,6,30%,0.8425821064552661,0.3883089770354906,0.6578810020876826,0.6578810020876826
Problems_in_China,Oversampling,SMOTE,Random Forest,0.33,0.67,6,30%,0.8562091503267973,0.3981762917933131,0.6656873361800574,0.6658227848101266
Problems_in_China,Oversampling,SMOTE,Logistic Regression,0.5,0.5,6,30%,0.599227357275719,0.8587246257945458,0.6422569418435624,0.6422347514095336
Problems_in_China,Oversampling,SMOTE,Decision Tree,0.5,0.5,6,30%,0.6177841520258157,0.8858611825192803,0.66896502970734,0.6689371546073769
Problems_in_China,Oversampling,SMOTE,Naive Bayes,0.5,0.5,6,30%,0.8385020479812756,0.49362728212194285,0.6992766104030312,0.6992766104030314
Problems_in_China,Oversampling,SMOTE,XGBoost,0.5,0.5,6,30%,0.8393645189761695,0.4963465553235908,0.7006784968684759,0.7006784968684759
Problems_in_China,Oversampling,SMOTE,Random Forest,0.5,0.5,6,30%,0.6134564643799473,0.9422492401215805,0.6745659156073489,0.6744303797468354
Problems_in_China,Oversampling,SMOTE,Logistic Regression,0.67,0.33,6,30%,0.2731187205249129,0.7677233429394813,0.6628516964073966,0.5952844695028191
Problems_in_China,Oversampling,SMOTE,Decision Tree,0.67,0.33,6,30%,0.29562982005141386,0.847457627118644,0.7104660489266944,0.6212569078524611
Problems_in_China,Oversampling,SMOTE,Naive Bayes,0.67,0.33,6,30%,0.3231140199793317,0.8629254829806807,0.7232618514712685,0.6358939028591113
Problems_in_China,Oversampling,SMOTE,XGBoost,0.67,0.33,6,30%,0.33194154488517746,0.8784530386740331,0.7333063134168107,0.6430062630480167
Problems_in_China,Oversampling,SMOTE,Random Forest,0.67,0.33,6,30%,0.3394123606889564,0.9029649595687331,0.7482405845225212,0.6516455696202532
Problems_in_China,Oversampling,SMOTE,Logistic Regression,0.83,0.17,6,30%,0.3826122616362518,0.7998285469352765,0.6434381521383391,0.6434648898001025
Problems_in_China,Oversampling,SMOTE,Decision Tree,0.83,0.17,6,30%,0.42596401028277636,0.8488729508196722,0.6750740123374818,0.6751060275028916
Problems_in_China,Oversampling,SMOTE,Naive Bayes,0.83,0.17,6,30%,0.44505683775404753,0.8472131147540983,0.6823975198070961,0.6823975198070961
Problems_in_China,Oversampling,SMOTE,XGBoost,0.83,0.17,6,30%,0.44780793319415446,0.8657921291624622,0.68919624217119,0.68919624217119
Problems_in_China,Oversampling,SMOTE,Random Forest,0.83,0.17,6,30%,0.44376899696048633,0.874251497005988,0.6900019073871257,0.690126582278481
Problems_in_China,Oversampling,SMOTE,Logistic Regression,0.17,0.17,7,35%,0.794180269694819,0.39325250395361094,0.645659643892447,0.6456374659520253
Problems_in_China,Oversampling,SMOTE,Decision Tree,0.17,0.17,7,35%,0.8154292824554127,0.4331350517735184,0.6675479180436219,0.6675479180436219
Problems_in_China,Oversampling,SMOTE,Naive Bayes,0.17,0.17,7,35%,0.8345986984815619,0.45438441098317095,0.6821671095364629,0.682167109536463
Problems_in_China,Oversampling,SMOTE,XGBoost,0.17,0.17,7,35%,0.8535309503051438,0.43783542039355994,0.6813338175793303,0.6812793558488034
Problems_in_China,Oversampling,SMOTE,Random Forest,0.17,0.17,7,35%,0.8480620155038759,0.4748263888888889,0.6948784722222223,0.6948784722222222
Problems_in_China,Oversampling,SMOTE,Logistic Regression,0.33,0.33,7,35%,0.5636169074371321,0.925496397821121,0.6044002200001914,0.6044284333538353
Problems_in_China,Oversampling,SMOTE,Decision Tree,0.33,0.33,7,35%,0.5772626931567328,0.9217889402952192,0.6233751927737388,0.6233751927737388
Problems_in_China,Oversampling,SMOTE,Naive Bayes,0.33,0.33,7,35%,0.5896191187453323,0.9323885444346028,0.641718334809566,0.641718334809566
Problems_in_China,Oversampling,SMOTE,XGBoost,0.33,0.33,7,35%,0.8256189451022605,0.3430232558139535,0.6352700171687217,0.6352046522030865
Problems_in_China,Oversampling,SMOTE,Random Forest,0.33,0.33,7,35%,0.6069819819819819,0.9357638888888888,0.6649305555555556,0.6649305555555556
Problems_in_China,Oversampling,SMOTE,Logistic Regression,0.5,0.5,7,35%,0.7318579516212044,0.49973642593568796,0.6583040653404275,0.6582901326772691
Problems_in_China,Oversampling,SMOTE,Decision Tree,0.5,0.5,7,35%,0.7750511247443763,0.5009914077990747,0.677792465300727,0.677792465300727
Problems_in_China,Oversampling,SMOTE,Naive Bayes,0.5,0.5,7,35%,0.7979936160510716,0.5166814289932093,0.692943607912607,0.692943607912607
Problems_in_China,Oversampling,SMOTE,XGBoost,0.5,0.5,7,35%,0.802725968436155,0.5004472271914132,0.6887023607992859,0.6886602549765153
Problems_in_China,Oversampling,SMOTE,Random Forest,0.5,0.5,7,35%,0.8180592991913747,0.5269097222222222,0.7048611111111112,0.7048611111111112
Problems_in_China,Oversampling,SMOTE,Logistic Regression,0.67,0.67,7,35%,0.24582674398172552,0.7750692520775623,0.6634327045684386,0.5872067480889201
Problems_in_China,Oversampling,SMOTE,Decision Tree,0.67,0.67,7,35%,0.2914738929279577,0.8294670846394985,0.699846464944365,0.6157743996474995
Problems_in_China,Oversampling,SMOTE,Naive Bayes,0.67,0.67,7,35%,0.9607322113965161,0.5790035587188612,0.7318761294460856,0.6310894596988486
Problems_in_China,Oversampling,SMOTE,XGBoost,0.67,0.67,7,35%,0.29651162790697677,0.8746701846965699,0.7255117688901649,0.6269290986356519
Problems_in_China,Oversampling,SMOTE,Random Forest,0.67,0.67,7,35%,0.9661458333333334,0.5901378579003181,0.7484182112468099,0.6475694444444444
Problems_in_China,Oversampling,SMOTE,Logistic Regression,0.83,0.83,7,35%,0.9116148304340186,0.5999074930619797,0.6517652359551463,0.6517880678323522
Problems_in_China,Oversampling,SMOTE,Decision Tree,0.83,0.83,7,35%,0.9191451861643534,0.6128984868517703,0.6693104207975324,0.6693104207975324
Problems_in_China,Oversampling,SMOTE,Naive Bayes,0.83,0.83,7,35%,0.9320932979037496,0.6132478632478633,0.6721287274874521,0.672128727487452
Problems_in_China,Oversampling,SMOTE,XGBoost,0.83,0.83,7,35%,0.4203935599284436,0.8445642407906558,0.67149431911411,0.6714381570118542
Problems_in_China,Oversampling,SMOTE,Random Forest,0.83,0.83,7,35%,0.9314236111111112,0.6252913752913752,0.6866319444444444,0.6866319444444444
Problems_in_China,Oversampling,SMOTE,Logistic Regression,0.17,0.83,8,40%,0.7883233532934132,0.40489005074580964,0.6480938568612198,0.6481125547781964
Problems_in_China,Oversampling,SMOTE,Decision Tree,0.17,0.83,8,40%,0.826298094882331,0.42645074224021595,0.6684104135256592,0.668433734939759
Problems_in_China,Oversampling,SMOTE,Naive Bayes,0.17,0.83,8,40%,0.8457661290322581,0.43347972100232496,0.6772151898734177,0.6772151898734177
Problems_in_China,Oversampling,SMOTE,XGBoost,0.17,0.83,8,40%,0.8469539375928677,0.4461839530332681,0.6827788649706458,0.6827788649706458
Problems_in_China,Oversampling,SMOTE,Random Forest,0.17,0.83,8,40%,0.8402282453637661,0.44756838905775076,0.6812633137392019,0.6813520698822636
Problems_in_China,Oversampling,SMOTE,Logistic Regression,0.33,0.67,8,40%,0.7616050354051928,0.297708749807781,0.6022676590367319,0.602291074037057
Problems_in_China,Oversampling,SMOTE,Decision Tree,0.33,0.67,8,40%,0.5729524276606179,0.9009061114324273,0.614774566895859,0.6147469879518073
Problems_in_China,Oversampling,SMOTE,Naive Bayes,0.33,0.67,8,40%,0.5827580400740865,0.894084215964867,0.6269697752518729,0.6269697752518729
Problems_in_China,Oversampling,SMOTE,XGBoost,0.33,0.67,8,40%,0.8397887323943662,0.37338551859099806,0.6510763209393345,0.6510763209393347
Problems_in_China,Oversampling,SMOTE,Random Forest,0.33,0.67,8,40%,0.8302828618968386,0.3791793313069909,0.6508652920771856,0.6509684770224079
Problems_in_China,Oversampling,SMOTE,Logistic Regression,0.5,0.5,8,40%,0.5977469843485196,0.9220359833922804,0.6508242647588709,0.6508034135465519
Problems_in_China,Oversampling,SMOTE,Decision Tree,0.5,0.5,8,40%,0.6098243827946043,0.9238480817428186,0.6664344495067216,0.6664096385542169
Problems_in_China,Oversampling,SMOTE,Naive Bayes,0.5,0.5,8,40%,0.8068651778329198,0.5040041332988892,0.6916817359855335,0.6916817359855335
Problems_in_China,Oversampling,SMOTE,XGBoost,0.5,0.5,8,40%,0.8050742574257426,0.5091976516634051,0.6929549902152642,0.6929549902152642
Problems_in_China,Oversampling,SMOTE,Random Forest,0.5,0.5,8,40%,0.6262013151239252,0.9407294832826748,0.6898028585737597,0.6897075579187238
Problems_in_China,Oversampling,SMOTE,Logistic Regression,0.67,0.33,8,40%,0.9275718898969706,0.553496054321894,0.6650837312861249,0.5896824786653341
Problems_in_China,Oversampling,SMOTE,Decision Tree,0.67,0.33,8,40%,0.9352226720647774,0.571714790807307,0.6969685065147646,0.6173493975903614
Problems_in_China,Oversampling,SMOTE,Naive Bayes,0.67,0.33,8,40%,0.9485920950658745,0.5753682231275462,0.7145223468578907,0.6242572978558512
Problems_in_China,Oversampling,SMOTE,XGBoost,0.67,0.33,8,40%,0.30606653620352253,0.8856172140430351,0.7330853990726176,0.6332681017612525
Problems_in_China,Oversampling,SMOTE,Random Forest,0.67,0.33,8,40%,0.30623100303951367,0.8818380743982495,0.7311304342579482,0.6327383213064945
Problems_in_China,Oversampling,SMOTE,Logistic Regression,0.83,0.17,8,40%,0.3985852683376903,0.553496054321894,0.6417126833693371,0.641731375413239
Problems_in_China,Oversampling,SMOTE,Decision Tree,0.83,0.17,8,40%,0.9086176980913823,0.571714790807307,0.6555424650826995,0.6555180722891566
Problems_in_China,Oversampling,SMOTE,Naive Bayes,0.83,0.17,8,40%,0.9088090932575562,0.5753682231275462,0.6639111340738828,0.6639111340738827
Problems_in_China,Oversampling,SMOTE,XGBoost,0.83,0.17,8,40%,0.4414872798434442,0.8856172140430351,0.6808219178082191,0.6808219178082192
Problems_in_China,Oversampling,SMOTE,Random Forest,0.83,0.17,8,40%,0.44756838905775076,0.8818380743982495,0.6808836630178655,0.6809722749715154
Problems_in_China,Oversampling,SMOTE,Logistic Regression,0.17,0.83,9,45%,0.8102189781021898,0.3792537925379254,0.6452037142022595,0.6451855395339302
Problems_in_China,Oversampling,SMOTE,Decision Tree,0.17,0.83,9,45%,0.8150326797385621,0.4273474982864976,0.6651816312542838,0.6651816312542838
Problems_in_China,Oversampling,SMOTE,Naive Bayes,0.17,0.83,9,45%,0.8442256042972247,0.4330654420206659,0.6765786452353616,0.6765786452353617
Problems_in_China,Oversampling,SMOTE,XGBoost,0.17,0.83,9,45%,0.8374760994263862,0.45704347826086955,0.6841584823454663,0.6841189772134284
Problems_in_China,Oversampling,SMOTE,Random Forest,0.17,0.83,9,45%,0.8251833740831296,0.45577312626603644,0.6796083727211344,0.6796083727211344
Problems_in_China,Oversampling,SMOTE,Logistic Regression,0.33,0.67,9,45%,0.8007766990291262,0.2818094847615143,0.6058446002265745,0.6058224560923939
Problems_in_China,Oversampling,SMOTE,Decision Tree,0.33,0.67,9,45%,0.8184575389948007,0.3236806031528444,0.6259424263193969,0.6259424263193969
Problems_in_China,Oversampling,SMOTE,Naive Bayes,0.33,0.67,9,45%,0.8283864004317323,0.35246842709529275,0.6397244546498277,0.6397244546498277
Problems_in_China,Oversampling,SMOTE,XGBoost,0.33,0.67,9,45%,0.5852626892252895,0.9144347826086957,0.6331046564400472,0.6331535919290311
Problems_in_China,Oversampling,SMOTE,Random Forest,0.33,0.67,9,45%,0.8328488372093024,0.38690074274139097,0.6546252532072924,0.6546252532072924
Problems_in_China,Oversampling,SMOTE,Logistic Regression,0.5,0.5,9,45%,0.7402597402597403,0.4751947519475195,0.6542184804024093,0.6542062461559489
Problems_in_China,Oversampling,SMOTE,Decision Tree,0.5,0.5,9,45%,0.7662612374405077,0.4965729952021933,0.6725496915695682,0.6725496915695682
Problems_in_China,Oversampling,SMOTE,Naive Bayes,0.5,0.5,9,45%,0.822360248447205,0.4560275545350172,0.678760045924225,0.678760045924225
Problems_in_China,Oversampling,SMOTE,XGBoost,0.5,0.5,9,45%,0.8003255561584374,0.5130434782608696,0.6924994705152644,0.6924682553487563
Problems_in_China,Oversampling,SMOTE,Random Forest,0.5,0.5,9,45%,0.8056460369163952,0.5010128291694801,0.6900742741390953,0.6900742741390952
Problems_in_China,Oversampling,SMOTE,Logistic Regression,0.67,0.33,9,45%,0.93303266365997,0.5540946351757162,0.6710784594563702,0.5910612998018178
Problems_in_China,Oversampling,SMOTE,Decision Tree,0.67,0.33,9,45%,0.2717614804660727,0.8490364025695931,0.7077699352709248,0.611720356408499
Problems_in_China,Oversampling,SMOTE,Naive Bayes,0.67,0.33,9,45%,0.2893226176808266,0.8618331053351573,0.7174093782746427,0.6214695752009185
Problems_in_China,Oversampling,SMOTE,XGBoost,0.67,0.33,9,45%,0.9551304347826087,0.5687655343827672,0.7143501939014814,0.6154113758914593
Problems_in_China,Oversampling,SMOTE,Random Forest,0.67,0.33,9,45%,0.29304523970290347,0.868,0.7213679935012185,0.6242403781228899
Problems_in_China,Oversampling,SMOTE,Logistic Regression,0.83,0.17,9,45%,0.36558698920322535,0.5540946351757162,0.6361833251100872,0.6361648329119114
Problems_in_China,Oversampling,SMOTE,Decision Tree,0.83,0.17,9,45%,0.40644276901987664,0.8490364025695931,0.6594413982179574,0.6594413982179576
Problems_in_China,Oversampling,SMOTE,Naive Bayes,0.83,0.17,9,45%,0.42548794489092995,0.8618331053351573,0.6711825487944891,0.6711825487944891
Problems_in_China,Oversampling,SMOTE,XGBoost,0.83,0.17,9,45%,0.9161739130434783,0.5687655343827672,0.6637236997367705,0.6637676117585667
Problems_in_China,Oversampling,SMOTE,Random Forest,0.83,0.17,9,45%,0.4436191762322755,0.868,0.6809588116137745,0.6809588116137745
Problems_in_China,Oversampling,SMOTE,Logistic Regression,0.17,0.83,10,50%,0.7766189667717681,0.393849938499385,0.6402829028290283,0.6402829028290283
Problems_in_China,Oversampling,SMOTE,Decision Tree,0.17,0.83,10,50%,0.8064893306050862,0.42550894509562,0.6617136090165842,0.6617318220371655
Problems_in_China,Oversampling,SMOTE,Naive Bayes,0.17,0.83,10,50%,0.8251052430156908,0.4455466005373011,0.6755528001653234,0.6755528001653234
Problems_in_China,Oversampling,SMOTE,XGBoost,0.17,0.83,10,50%,0.8395061728395061,0.44708829054477145,0.6808077645585473,0.6808077645585473
Problems_in_China,Oversampling,SMOTE,Random Forest,0.17,0.83,10,50%,0.8248898678414097,0.45504252733900363,0.6791929961922982,0.6791248860528715
Problems_in_China,Oversampling,SMOTE,Logistic Regression,0.33,0.67,10,50%,0.7950600801068091,0.29298892988929887,0.6087330873308734,0.6087330873308733
Problems_in_China,Oversampling,SMOTE,Decision Tree,0.33,0.67,10,50%,0.7898725456424388,0.35363972856261566,0.6297882528703594,0.6298095458400802
Problems_in_China,Oversampling,SMOTE,Naive Bayes,0.33,0.67,10,50%,0.8077272727272727,0.3672246331886753,0.6399049390369911,0.6399049390369911
Problems_in_China,Oversampling,SMOTE,XGBoost,0.33,0.67,10,50%,0.8439265536723164,0.3741390106449593,0.6524733876017533,0.6524733876017533
Problems_in_China,Oversampling,SMOTE,Random Forest,0.33,0.67,10,50%,0.8287937743190662,0.3882138517618469,0.653985345333811,0.6539045882710423
Problems_in_China,Oversampling,SMOTE,Logistic Regression,0.5,0.5,10,50%,0.7623544915440369,0.4269372693726937,0.6469249692496924,0.6469249692496924
Problems_in_China,Oversampling,SMOTE,Decision Tree,0.5,0.5,10,50%,0.6067745197168858,0.92550894509562,0.6629086745524361,0.6628884262472049
Problems_in_China,Oversampling,SMOTE,Naive Bayes,0.5,0.5,10,50%,0.7932924862947436,0.5083694978301302,0.6879520562099607,0.6879520562099607
Problems_in_China,Oversampling,SMOTE,XGBoost,0.5,0.5,10,50%,0.8326804700615557,0.4658735128365686,0.6861302442078898,0.6861302442078898
Problems_in_China,Oversampling,SMOTE,Random Forest,0.5,0.5,10,50%,0.8003802281368821,0.511543134872418,0.6919417802021665,0.6918869644484958
Problems_in_China,Oversampling,SMOTE,Logistic Regression,0.67,0.33,10,50%,0.25805658056580566,0.8041395170563435,0.6811335633776332,0.5976014760147601
Problems_in_China,Oversampling,SMOTE,Decision Tree,0.67,0.33,10,50%,0.2865515114127082,0.8290941543953592,0.698943050352042,0.6137713007942016
Problems_in_China,Oversampling,SMOTE,Naive Bayes,0.67,0.33,10,50%,0.30357511882620375,0.8595669982445875,0.7183391522782732,0.6269890473238272
Problems_in_China,Oversampling,SMOTE,XGBoost,0.67,0.33,10,50%,0.2952410770194114,0.8972407231208372,0.7377340958680821,0.6307138384470883
Problems_in_China,Oversampling,SMOTE,Random Forest,0.67,0.33,10,50%,0.3086269744835966,0.900709219858156,0.7417004111758694,0.6371923427529627
Problems_in_China,Oversampling,SMOTE,Logistic Regression,0.83,0.17,10,50%,0.3671586715867159,0.8041395170563435,0.635239852398524,0.635239852398524
Problems_in_China,Oversampling,SMOTE,Decision Tree,0.83,0.17,10,50%,0.41270820481184456,0.8290941543953592,0.6563155519047658,0.6563343357236487
Problems_in_China,Oversampling,SMOTE,Naive Bayes,0.83,0.17,10,50%,0.4286009506096301,0.8595669982445875,0.668113246538541,0.668113246538541
Problems_in_China,Oversampling,SMOTE,XGBoost,0.83,0.17,10,50%,0.4373825923606763,0.8972407231208372,0.6789292423293676,0.6789292423293676
Problems_in_China,Oversampling,SMOTE,Random Forest,0.83,0.17,10,50%,0.45443499392466585,0.900709219858156,0.6849682568407524,0.6848982072318445
Problems_in_China,Oversampling,SMOTE,Logistic Regression,0.17,0.83,11,55%,0.7902597402597402,0.4082979199284276,0.6499664504585104,0.6499664504585104
Problems_in_China,Oversampling,SMOTE,Decision Tree,0.17,0.83,11,55%,0.811674590596936,0.430874929893438,0.6654584939667666,0.6654749386610586
Problems_in_China,Oversampling,SMOTE,Naive Bayes,0.17,0.83,11,55%,0.8393689494442452,0.43987222848553176,0.6778545812726362,0.6778769375293565
Problems_in_China,Oversampling,SMOTE,XGBoost,0.17,0.83,11,55%,0.8317135549872122,0.4628522630230572,0.6846000569313977,0.6846000569313977
Problems_in_China,Oversampling,SMOTE,Random Forest,0.17,0.83,11,55%,0.8373904576436222,0.47513812154696133,0.6914364640883978,0.6914364640883978
Problems_in_China,Oversampling,SMOTE,Logistic Regression,0.33,0.67,11,55%,0.7785234899328859,0.29836725564750616,0.6067434578394095,0.6067434578394095
Problems_in_China,Oversampling,SMOTE,Decision Tree,0.33,0.67,11,55%,0.7978994271164863,0.35151430173864273,0.6312457251017622,0.6312653347353663
Problems_in_China,Oversampling,SMOTE,Naive Bayes,0.33,0.67,11,55%,0.8211382113821138,0.3605787298008268,0.6410257917273906,0.6410521371535932
Problems_in_China,Oversampling,SMOTE,XGBoost,0.33,0.67,11,55%,0.8250746268656717,0.3933959578707657,0.6549957301451751,0.6549957301451751
Problems_in_China,Oversampling,SMOTE,Random Forest,0.33,0.67,11,55%,0.8438228438228438,0.4,0.6629834254143646,0.6629834254143646
Problems_in_China,Oversampling,SMOTE,Logistic Regression,0.5,0.5,11,55%,0.7748450309938012,0.43334824424066204,0.653712815924849,0.653712815924849
Problems_in_China,Oversampling,SMOTE,Decision Tree,0.5,0.5,11,55%,0.6110650833103194,0.9307347167694896,0.6692086593801184,0.6691903259726604
Problems_in_China,Oversampling,SMOTE,Naive Bayes,0.5,0.5,11,55%,0.6236924686192469,0.8962795941375423,0.6778035205329831,0.6777829967120714
Problems_in_China,Oversampling,SMOTE,XGBoost,0.5,0.5,11,55%,0.8200290275761973,0.4824935952177626,0.6883005977796754,0.6883005977796754
Problems_in_China,Oversampling,SMOTE,Random Forest,0.5,0.5,11,55%,0.8056265984654731,0.5220994475138122,0.6980662983425414,0.6980662983425414
Problems_in_China,Oversampling,SMOTE,Logistic Regression,0.67,0.33,11,55%,0.26515320957280253,0.8007429922323539,0.6802079901187233,0.5995862223216283
Problems_in_China,Oversampling,SMOTE,Decision Tree,0.67,0.33,11,55%,0.2943073471676949,0.861304883052934,0.7178945788277858,0.623484051875219
Problems_in_China,Oversampling,SMOTE,Naive Bayes,0.67,0.33,11,55%,0.29406238256294626,0.8723522853957637,0.7239402371504859,0.62555190230155
Problems_in_China,Oversampling,SMOTE,XGBoost,0.67,0.33,11,55%,0.30572160546541416,0.8839506172839506,0.7321146994525071,0.6327924850555081
Problems_in_China,Oversampling,SMOTE,Random Forest,0.67,0.33,11,55%,0.32044198895027626,0.9020217729393468,0.744427077265777,0.6428176795580111
Problems_in_China,Oversampling,SMOTE,Logistic Regression,0.83,0.17,11,55%,0.3986803847014091,0.8007429922323539,0.6459964213822411,0.6459964213822411
Problems_in_China,Oversampling,SMOTE,Decision Tree,0.83,0.17,11,55%,0.9004486819966349,0.861304883052934,0.6578508656022709,0.6578338590956887
Problems_in_China,Oversampling,SMOTE,Naive Bayes,0.83,0.17,11,55%,0.4223975948891394,0.8723522853957637,0.671935224271547,0.6719586660403946
Problems_in_China,Oversampling,SMOTE,XGBoost,0.83,0.17,11,55%,0.4471961286649587,0.8839506172839506,0.6780529461998291,0.6780529461998293
Problems_in_China,Oversampling,SMOTE,Random Forest,0.83,0.17,11,55%,0.4607734806629834,0.9020217729393468,0.6881215469613258,0.688121546961326
Problems_in_China,Oversampling,SMOTE,Logistic Regression,0.17,0.83,12,60%,0.819047619047619,0.3776938004289654,0.6468158270588082,0.645822655048693
Problems_in_China,Oversampling,SMOTE,Decision Tree,0.17,0.83,12,60%,0.8212105798575788,0.4119147850491134,0.660443990996653,0.6585914406888574
Problems_in_China,Oversampling,SMOTE,Naive Bayes,0.17,0.83,12,60%,0.8274613105037867,0.43312650810065495,0.6714763499030207,0.6716610694910876
Problems_in_China,Oversampling,SMOTE,XGBoost,0.17,0.83,12,60%,0.821825205214872,0.44660194174757284,0.6754286304482545,0.6767123287671233
Problems_in_China,Oversampling,SMOTE,Random Forest,0.17,0.83,12,60%,0.8424068767908309,0.4555785123966942,0.6868056496409701,0.6913142567738668
Problems_in_China,Oversampling,SMOTE,Logistic Regression,0.33,0.67,12,60%,0.7806451612903226,0.29659891737309774,0.606319831152852,0.6051768323936443
Problems_in_China,Oversampling,SMOTE,Decision Tree,0.33,0.67,12,60%,0.7897196261682243,0.3449419568822554,0.6258569683414255,0.623763012466264
Problems_in_China,Oversampling,SMOTE,Naive Bayes,0.33,0.67,12,60%,0.820377358490566,0.37469837986901067,0.6463923838770281,0.6466029449754586
Problems_in_China,Oversampling,SMOTE,XGBoost,0.33,0.67,12,60%,0.8095762245459549,0.38598792967725004,0.6481055372309447,0.6495759947814742
Problems_in_China,Oversampling,SMOTE,Random Forest,0.33,0.67,12,60%,0.8182844243792325,0.3744834710743802,0.6472516709569616,0.652570270954672
Problems_in_China,Oversampling,SMOTE,Logistic Regression,0.5,0.5,12,60%,0.8035143769968051,0.41098968440404454,0.6548723501760937,0.6539723218862122
Problems_in_China,Oversampling,SMOTE,Decision Tree,0.5,0.5,12,60%,0.8115232097037556,0.4438066079857125,0.6695920259920792,0.6679090091247911
Problems_in_China,Oversampling,SMOTE,Naive Bayes,0.5,0.5,12,60%,0.6271697203471552,0.896759738021372,0.682246673347289,0.6820804271075519
Problems_in_China,Oversampling,SMOTE,XGBoost,0.5,0.5,12,60%,0.6215552044935931,0.9291524534242981,0.6848668338735397,0.6834964122635355
Problems_in_China,Oversampling,SMOTE,Random Forest,0.5,0.5,12,60%,0.6269786648313833,0.9411157024793388,0.7013079754324165,0.6966320587490504
Problems_in_China,Oversampling,SMOTE,Logistic Regression,0.67,0.33,12,60%,0.25594934123174345,0.8117913832199547,0.6841030836820713,0.5968221424910303
Problems_in_China,Oversampling,SMOTE,Decision Tree,0.67,0.33,12,60%,0.28664370455415233,0.8291512915129151,0.697021957614534,0.6109111939339417
Problems_in_China,Oversampling,SMOTE,Naive Bayes,0.67,0.33,12,60%,0.2988624612202689,0.8775303643724697,0.7277036485139303,0.6288642039094119
Problems_in_China,Oversampling,SMOTE,XGBoost,0.67,0.33,12,60%,0.3004460771451063,0.8787413660782809,0.7298453765317527,0.6315720808871493
Problems_in_China,Oversampling,SMOTE,Random Forest,0.67,0.33,12,60%,0.30268595041322316,0.881203007518797,0.7350594818349161,0.6381362370220309
Problems_in_China,Oversampling,SMOTE,Logistic Regression,0.83,0.17,12,60%,0.3805535696047391,0.8117913832199547,0.6424838019852073,0.6415171706817017
Problems_in_China,Oversampling,SMOTE,Decision Tree,0.83,0.17,12,60%,0.40987370838117104,0.8291512915129151,0.6586465524943534,0.6567921860943323
Problems_in_China,Oversampling,SMOTE,Naive Bayes,0.83,0.17,12,60%,0.42847294036539124,0.8775303643724697,0.6683751726435457,0.6685610953242056
Problems_in_China,Oversampling,SMOTE,XGBoost,0.83,0.17,12,60%,0.4400419837313041,0.8787413660782809,0.675651505617598,0.6769732550554468
Problems_in_China,Oversampling,SMOTE,Random Forest,0.83,0.17,12,60%,0.431301652892562,0.881203007518797,0.6719349794517455,0.6766269941757407
Problems_in_China,Oversampling,SMOTE,Logistic Regression,0.17,0.83,13,65%,0.8845385537355174,0.419000757002271,0.6821562589060934,0.6821687088990869
Problems_in_China,Oversampling,SMOTE,Decision Tree,0.17,0.83,13,65%,0.9126420454545454,0.45734962629018866,0.706788692148653,0.7068034877513494
Problems_in_China,Oversampling,SMOTE,Naive Bayes,0.17,0.83,13,65%,0.9287263712426402,0.4764705882352941,0.7199552114598821,0.7199745648199666
Problems_in_China,Oversampling,SMOTE,XGBoost,0.17,0.83,13,65%,0.9399161620866325,0.48603082851637763,0.727480732177264,0.727480732177264
Problems_in_China,Oversampling,SMOTE,Random Forest,0.17,0.83,13,65%,0.9316770186335404,0.4908835904628331,0.7274427302477793,0.7274427302477794
Problems_in_China,Oversampling,SMOTE,Logistic Regression,0.33,0.67,13,65%,0.8621193666260658,0.3348788796366389,0.6406630182079495,0.6406774849789468
Problems_in_China,Oversampling,SMOTE,Decision Tree,0.33,0.67,13,65%,0.9140145170295924,0.3884209277494365,0.675942373720507,0.6759594281985883
Problems_in_China,Oversampling,SMOTE,Naive Bayes,0.33,0.67,13,65%,0.91617184771219,0.4170111287758347,0.6894306955276408,0.6894523487799062
Problems_in_China,Oversampling,SMOTE,XGBoost,0.33,0.67,13,65%,0.9419286094832179,0.4258188824662813,0.6997832369942197,0.6997832369942196
Problems_in_China,Oversampling,SMOTE,Random Forest,0.33,0.67,13,65%,0.9407114624505929,0.44506778868630203,0.7085086489013557,0.7085086489013558
Problems_in_China,Oversampling,SMOTE,Logistic Regression,0.5,0.5,13,65%,0.6302009336310128,0.8814345193035579,0.6821308276336127,0.6821213984955292
Problems_in_China,Oversampling,SMOTE,Decision Tree,0.5,0.5,13,65%,0.6484228473998295,0.9023608969035473,0.7065778387246089,0.7065662257547898
Problems_in_China,Oversampling,SMOTE,Naive Bayes,0.5,0.5,13,65%,0.6570224399134298,0.9170111287758347,0.7191954388116973,0.7191797154439233
Problems_in_China,Oversampling,SMOTE,XGBoost,0.5,0.5,13,65%,0.9337511190689346,0.5024084778420038,0.7333815028901733,0.7333815028901735
Problems_in_China,Oversampling,SMOTE,Random Forest,0.5,0.5,13,65%,0.9269759450171822,0.5044413277232351,0.7323515661524077,0.7323515661524077
Problems_in_China,Oversampling,SMOTE,Logistic Regression,0.67,0.33,13,65%,0.9639477668433005,0.5902085747392816,0.7459683575269789,0.6473482518805885
Problems_in_China,Oversampling,SMOTE,Decision Tree,0.67,0.33,13,65%,0.9703404911614664,0.602105418138987,0.7628847701381957,0.6645708523637226
Problems_in_China,Oversampling,SMOTE,Naive Bayes,0.67,0.33,13,65%,0.9793322734499205,0.6025039123630673,0.7736745272464467,0.6666401716874653
Problems_in_China,Oversampling,SMOTE,XGBoost,0.67,0.33,13,65%,0.9771194605009634,0.6052513799791138,0.7729567330876207,0.6699181117533719
Problems_in_China,Oversampling,SMOTE,Random Forest,0.67,0.33,13,65%,0.9808321645628798,0.6033937302272073,0.7761038563745275,0.6680691912108462
Problems_in_China,Oversampling,SMOTE,Logistic Regression,0.83,0.17,13,65%,0.4035768357305072,0.5902085747392816,0.6798847372899863,0.6798978095283152
Problems_in_China,Oversampling,SMOTE,Decision Tree,0.83,0.17,13,65%,0.4383675406335271,0.602105418138987,0.7063130704353876,0.7063289637582301
Problems_in_China,Oversampling,SMOTE,Naive Bayes,0.83,0.17,13,65%,0.46724960254372017,0.6025039123630673,0.7198749999684106,0.7198950798823623
Problems_in_China,Oversampling,SMOTE,XGBoost,0.83,0.17,13,65%,0.470616570327553,0.6052513799791138,0.7248314065510596,0.7248314065510597
Problems_in_China,Oversampling,SMOTE,Random Forest,0.83,0.17,13,65%,0.48246844319775595,0.6033937302272073,0.7300140252454418,0.7300140252454418
Problems_in_China,Oversampling,SMOTE,Logistic Regression,0.17,0.83,14,70%,0.7725712324064539,0.3954837009050171,0.6395256817354612,0.6395149597996573
Problems_in_China,Oversampling,SMOTE,Decision Tree,0.17,0.83,14,70%,0.81471446436015,0.43060145406477196,0.666330803048691,0.6663178187827045
Problems_in_China,Oversampling,SMOTE,Naive Bayes,0.17,0.83,14,70%,0.8175221714592852,0.44906997342781224,0.6744168881015649,0.6744168881015649
Problems_in_China,Oversampling,SMOTE,XGBoost,0.17,0.83,14,70%,0.8198485452371462,0.4600760456273764,0.6794900469693581,0.6794900469693581
Problems_in_China,Oversampling,SMOTE,Random Forest,0.17,0.83,14,70%,0.8170926517571885,0.4440104166666667,0.6722874488891302,0.6722378988495767
Problems_in_China,Oversampling,SMOTE,Logistic Regression,0.33,0.67,14,70%,0.7760279965004374,0.3117476495914243,0.6108826121419335,0.6108694697069549
Problems_in_China,Oversampling,SMOTE,Decision Tree,0.33,0.67,14,70%,0.7863268222963316,0.36362634941617095,0.6324025764928161,0.6323877719636464
Problems_in_China,Oversampling,SMOTE,Naive Bayes,0.33,0.67,14,70%,0.8202354438434617,0.3805727782698553,0.6485828166519044,0.6485828166519043
Problems_in_China,Oversampling,SMOTE,XGBoost,0.33,0.67,14,70%,0.817973406694177,0.39901588011630507,0.6551107134869157,0.6551107134869156
Problems_in_China,Oversampling,SMOTE,Random Forest,0.33,0.67,14,70%,0.8193091231178034,0.4014756944444444,0.656447790774111,0.6563924462774039
Problems_in_China,Oversampling,SMOTE,Logistic Regression,0.5,0.5,14,70%,0.7481146304675717,0.43581407609173184,0.6445326970968325,0.6445235270858046
Problems_in_China,Oversampling,SMOTE,Decision Tree,0.5,0.5,14,70%,0.8001522649409973,0.46309759858999777,0.6737103064008709,0.6736987055907464
Problems_in_China,Oversampling,SMOTE,Naive Bayes,0.5,0.5,14,70%,0.7815239379635873,0.5132860938883969,0.6848981399468557,0.6848981399468557
Problems_in_China,Oversampling,SMOTE,XGBoost,0.5,0.5,14,70%,0.7869019341703427,0.5186759114292104,0.6891075821963766,0.6891075821963767
Problems_in_China,Oversampling,SMOTE,Random Forest,0.5,0.5,14,70%,0.7810810810810811,0.5017361111111112,0.6805250247262026,0.6804862166268721
Problems_in_China,Oversampling,SMOTE,Logistic Regression,0.67,0.33,14,70%,0.2634214919602847,0.789570713721359,0.6737613113006711,0.5965906594613594
Problems_in_China,Oversampling,SMOTE,Decision Tree,0.67,0.33,14,70%,0.28431372549019607,0.8388040298992525,0.7039556692804394,0.6148168548609199
Problems_in_China,Oversampling,SMOTE,Naive Bayes,0.67,0.33,14,70%,0.3021848243283141,0.8640776699029126,0.720615630729254,0.6273250664304695
Problems_in_China,Oversampling,SMOTE,XGBoost,0.67,0.33,14,70%,0.2932229926191009,0.8858108108108108,0.7311659253732424,0.6277119212704093
Problems_in_China,Oversampling,SMOTE,Random Forest,0.67,0.33,14,70%,0.28515625,0.8987688098495212,0.7369231046151631,0.6264380290861732
Problems_in_China,Oversampling,SMOTE,Logistic Regression,0.83,0.17,14,70%,0.3714084878305948,0.789570713721359,0.6359239275708334,0.6359123061376917
Problems_in_China,Oversampling,SMOTE,Decision Tree,0.83,0.17,14,70%,0.4239920687376074,0.8388040298992525,0.6634667846166828,0.6634535940512255
Problems_in_China,Oversampling,SMOTE,Naive Bayes,0.83,0.17,14,70%,0.4399173309713611,0.8640776699029126,0.6741954532034249,0.6741954532034249
Problems_in_China,Oversampling,SMOTE,XGBoost,0.83,0.17,14,70%,0.4475508834712592,0.8858108108108108,0.6775889062849474,0.6775889062849474
Problems_in_China,Oversampling,SMOTE,Random Forest,0.83,0.17,14,70%,0.4366319444444444,0.8987688098495212,0.6731574832947365,0.6731061428261341
Problems_in_China,Oversampling,SMOTE,Logistic Regression,0.17,0.83,15,75%,0.7822095599873378,0.40531452472730256,0.6462360716141023,0.6462459507114446
Problems_in_China,Oversampling,SMOTE,Decision Tree,0.17,0.83,15,75%,0.8125,0.4384125025704298,0.6686201932963192,0.6686201932963192
Problems_in_China,Oversampling,SMOTE,Naive Bayes,0.17,0.83,15,75%,0.809462915601023,0.43607054284926977,0.6667125930008266,0.6667125930008266
Problems_in_China,Oversampling,SMOTE,XGBoost,0.17,0.83,15,75%,0.8237951807228916,0.45678496868475993,0.6795509063837074,0.6795741571860975
Problems_in_China,Oversampling,SMOTE,Random Forest,0.17,0.83,15,75%,0.8359826589595376,0.46880064829821716,0.6884116693679092,0.6884116693679092
Problems_in_China,Oversampling,SMOTE,Logistic Regression,0.33,0.67,15,75%,0.7722731906218144,0.31067005658984664,0.6095338145832618,0.6095460696272604
Problems_in_China,Oversampling,SMOTE,Decision Tree,0.33,0.67,15,75%,0.8171589310829818,0.3584207279457125,0.6391116594694634,0.6391116594694632
Problems_in_China,Oversampling,SMOTE,Naive Bayes,0.33,0.67,15,75%,0.7976539589442815,0.37475888674565994,0.6398456875172225,0.6398456875172224
Problems_in_China,Oversampling,SMOTE,XGBoost,0.33,0.67,15,75%,0.8129803586678053,0.3974947807933194,0.6530366828199534,0.6530633545558918
Problems_in_China,Oversampling,SMOTE,Random Forest,0.33,0.67,15,75%,0.816260162601626,0.406807131280389,0.6576175040518638,0.6576175040518638
Problems_in_China,Oversampling,SMOTE,Logistic Regression,0.5,0.5,15,75%,0.5980814521224654,0.8539325842696629,0.6400628970224811,0.6400541271989174
Problems_in_China,Oversampling,SMOTE,Decision Tree,0.5,0.5,15,75%,0.7938036058113075,0.4662759613407362,0.6725786551511412,0.6725786551511412
Problems_in_China,Oversampling,SMOTE,Naive Bayes,0.5,0.5,15,75%,0.7945301542776999,0.46831082942959495,0.6736015431248279,0.6736015431248278
Problems_in_China,Oversampling,SMOTE,XGBoost,0.5,0.5,15,75%,0.6239414382086982,0.9075156576200417,0.6803284821183072,0.6803047698570087
Problems_in_China,Oversampling,SMOTE,Random Forest,0.5,0.5,15,75%,0.8290366350067843,0.49513776337115073,0.696515397082658,0.696515397082658
Problems_in_China,Oversampling,SMOTE,Logistic Regression,0.67,0.33,15,75%,0.26137948002952516,0.809499618999238,0.684554210477614,0.5999507934555296
Problems_in_China,Oversampling,SMOTE,Decision Tree,0.67,0.33,15,75%,0.27966275961340736,0.8706786171574904,0.7207998671284757,0.6190623072177668
Problems_in_China,Oversampling,SMOTE,Naive Bayes,0.67,0.33,15,75%,0.28892256820060624,0.8643858202802968,0.7187520499250946,0.6217966381923394
Problems_in_China,Oversampling,SMOTE,XGBoost,0.67,0.33,15,75%,0.2947807933194154,0.8802992518703242,0.728415891448513,0.627387537835299
Problems_in_China,Oversampling,SMOTE,Random Forest,0.67,0.33,15,75%,0.30307941653160453,0.8968824940047961,0.7387874196011304,0.6341166936790924
Problems_in_China,Oversampling,SMOTE,Logistic Regression,0.83,0.17,15,75%,0.38472894283605347,0.809499618999238,0.642011838975842,0.642022388977734
Problems_in_China,Oversampling,SMOTE,Decision Tree,0.83,0.17,15,75%,0.4204194941394201,0.8706786171574904,0.6638391939132223,0.6638391939132223
Problems_in_China,Oversampling,SMOTE,Naive Bayes,0.83,0.17,15,75%,0.4264260126756682,0.8643858202802968,0.6647836869661065,0.6647836869661063
Problems_in_China,Oversampling,SMOTE,XGBoost,0.83,0.17,15,75%,0.4498956158663883,0.8802992518703242,0.6762105923205872,0.6762342135476463
Problems_in_China,Oversampling,SMOTE,Random Forest,0.83,0.17,15,75%,0.4582658022690438,0.8968824940047961,0.6853727714748785,0.6853727714748784
Problems_in_China,Oversampling,SMOTE,Logistic Regression,0.17,0.83,16,80%,0.7793462109955424,0.4032444068578458,0.6445375567002383,0.6445375567002384
Problems_in_China,Oversampling,SMOTE,Decision Tree,0.17,0.83,16,80%,0.8042704626334519,0.435704646230962,0.6648402749227099,0.6648513181358138
Problems_in_China,Oversampling,SMOTE,Naive Bayes,0.17,0.83,16,80%,0.8137789904502046,0.4622836476362697,0.6782485145957118,0.6782485145957117
Problems_in_China,Oversampling,SMOTE,XGBoost,0.17,0.83,16,80%,0.8101659751037344,0.45851272015655575,0.6755381604696673,0.6755381604696673
Problems_in_China,Oversampling,SMOTE,Random Forest,0.17,0.83,16,80%,0.8178740690589031,0.45896656534954405,0.6784008671791396,0.6784425451092118
Problems_in_China,Oversampling,SMOTE,Logistic Regression,0.33,0.67,16,80%,0.7620614035087719,0.32059660182978394,0.6102483278234796,0.6102483278234797
Problems_in_China,Oversampling,SMOTE,Decision Tree,0.33,0.67,16,80%,0.7944025834230355,0.3556969346443031,0.6318243709366094,0.6318376789242856
Problems_in_China,Oversampling,SMOTE,Naive Bayes,0.33,0.67,16,80%,0.8,0.39059674502712477,0.6464737793851718,0.6464737793851718
Problems_in_China,Oversampling,SMOTE,XGBoost,0.33,0.67,16,80%,0.8023076923076923,0.40821917808219177,0.6538160469667319,0.6538160469667319
Problems_in_China,Oversampling,SMOTE,Random Forest,0.33,0.67,16,80%,0.8039816232771823,0.39893617021276595,0.650854336530614,0.6509021842355176
Problems_in_China,Oversampling,SMOTE,Logistic Regression,0.5,0.5,16,80%,0.7545466439879629,0.44337664334589066,0.6495733066810179,0.6495733066810179
Problems_in_China,Oversampling,SMOTE,Decision Tree,0.5,0.5,16,80%,0.6094775365976779,0.931077694235589,0.6672737868768306,0.6672610728227867
Problems_in_China,Oversampling,SMOTE,Naive Bayes,0.5,0.5,16,80%,0.7800580832526621,0.5204081632653061,0.6868380263497804,0.6868380263497804
Problems_in_China,Oversampling,SMOTE,XGBoost,0.5,0.5,16,80%,0.8041707396546106,0.48297455968688846,0.6826810176125244,0.6826810176125244
Problems_in_China,Oversampling,SMOTE,Random Forest,0.5,0.5,16,80%,0.625,0.9308510638297872,0.6862762725149696,0.6862298195631529
Problems_in_China,Oversampling,SMOTE,Logistic Regression,0.67,0.33,16,80%,0.26185899900053816,0.7911730545876887,0.6744570418269873,0.5963711847466748
Problems_in_China,Oversampling,SMOTE,Decision Tree,0.67,0.33,16,80%,0.2851359167148641,0.8348856900931414,0.7019366262856733,0.614391054990602
Problems_in_China,Oversampling,SMOTE,Naive Bayes,0.67,0.33,16,80%,0.29126840609661586,0.8603586417397939,0.7168931512360635,0.6219969000258331
Problems_in_China,Oversampling,SMOTE,XGBoost,0.67,0.33,16,80%,0.2898238747553816,0.8763313609467456,0.7254458680466436,0.6244618395303326
Problems_in_China,Oversampling,SMOTE,Random Forest,0.67,0.33,16,80%,0.2906534954407295,0.8772935779816514,0.7261496344267464,0.625071225071225
Problems_in_China,Oversampling,SMOTE,Logistic Regression,0.83,0.17,16,80%,0.38310140693472744,0.7911730545876887,0.635773045283309,0.635773045283309
Problems_in_China,Oversampling,SMOTE,Decision Tree,0.83,0.17,16,80%,0.4233661075766339,0.8348856900931414,0.6610324513786784,0.6610439057303966
Problems_in_China,Oversampling,SMOTE,Naive Bayes,0.83,0.17,16,80%,0.45233789718419015,0.8603586417397939,0.6755360371996899,0.67553603719969
Problems_in_China,Oversampling,SMOTE,XGBoost,0.83,0.17,16,80%,0.4489236790606654,0.8763313609467456,0.6722113502935422,0.6722113502935421
Problems_in_China,Oversampling,SMOTE,Random Forest,0.83,0.17,16,80%,0.44490881458966564,0.8772935779816514,0.6734608638083155,0.6735042735042736
Problems_in_China,Oversampling,SMOTE,Logistic Regression,0.17,0.83,17,85%,0.7833129168368042,0.41642547033285093,0.6506150506512302,0.6506150506512302
Problems_in_China,Oversampling,SMOTE,Decision Tree,0.17,0.83,17,85%,0.8069081718618366,0.43445522997369135,0.6652453959902023,0.6652453959902023
Problems_in_China,Oversampling,SMOTE,Naive Bayes,0.17,0.83,17,85%,0.8257610177192185,0.4418915633357646,0.6743253099927061,0.674325309992706
Problems_in_China,Oversampling,SMOTE,XGBoost,0.17,0.83,17,85%,0.8413346952672796,0.4551482777675447,0.6846643782944537,0.684685514319919
Problems_in_China,Oversampling,SMOTE,Random Forest,0.17,0.83,17,85%,0.832286432160804,0.47372184483375046,0.6891312120128709,0.689131212012871
Problems_in_China,Oversampling,SMOTE,Logistic Regression,0.33,0.67,17,85%,0.778400140031507,0.32178002894356006,0.6150868306801736,0.6150868306801737
Problems_in_China,Oversampling,SMOTE,Decision Tree,0.33,0.67,17,85%,0.8005970149253732,0.36496416583507213,0.6370316610723035,0.6370316610723034
Problems_in_China,Oversampling,SMOTE,Naive Bayes,0.33,0.67,17,85%,0.8185599168183,0.38281060053488936,0.6489788475565281,0.6489788475565281
Problems_in_China,Oversampling,SMOTE,XGBoost,0.33,0.67,17,85%,0.8331419823957137,0.4009946583164487,0.6603499995081322,0.6603738834146791
Problems_in_China,Oversampling,SMOTE,Random Forest,0.33,0.67,17,85%,0.8120996441281139,0.40793707543796925,0.6567751161959241,0.6567751161959242
Problems_in_China,Oversampling,SMOTE,Logistic Regression,0.5,0.5,17,85%,0.7587476979742173,0.447178002894356,0.6524963820549927,0.6524963820549927
Problems_in_China,Oversampling,SMOTE,Decision Tree,0.5,0.5,17,85%,0.7592368668547629,0.5126553569808582,0.6750430917173184,0.6750430917173184
Problems_in_China,Oversampling,SMOTE,Naive Bayes,0.5,0.5,17,85%,0.77728285077951,0.5091174325309993,0.6816192560175056,0.6816192560175055
Problems_in_China,Oversampling,SMOTE,XGBoost,0.5,0.5,17,85%,0.6284044273100361,0.9307423098176459,0.6902330333618616,0.6902108849802008
Problems_in_China,Oversampling,SMOTE,Random Forest,0.5,0.5,17,85%,0.797650827549386,0.5341437254200929,0.6993207007508044,0.6993207007508044
Problems_in_China,Oversampling,SMOTE,Logistic Regression,0.67,0.33,17,85%,0.262301013024602,0.8037694013303769,0.6814999189963601,0.5991316931982634
Problems_in_China,Oversampling,SMOTE,Decision Tree,0.67,0.33,17,85%,0.2802322416764946,0.851433296582139,0.7103295269966835,0.6156672412228976
Problems_in_China,Oversampling,SMOTE,Naive Bayes,0.67,0.33,17,85%,0.2827619742280574,0.8850837138508372,0.729144866184678,0.6230245562849501
Problems_in_China,Oversampling,SMOTE,XGBoost,0.67,0.33,17,85%,0.29471357524405967,0.9070294784580499,0.7430144643527193,0.6322865825582467
Problems_in_China,Oversampling,SMOTE,Random Forest,0.67,0.33,17,85%,0.30854486950303894,0.894300518134715,0.7382498486115356,0.636038612799428
Problems_in_China,Oversampling,SMOTE,Logistic Regression,0.83,0.17,17,85%,0.402315484804631,0.8037694013303769,0.6473589001447178,0.6473589001447178
Problems_in_China,Oversampling,SMOTE,Decision Tree,0.83,0.17,17,85%,0.4305542955638211,0.851433296582139,0.6661072303365689,0.666107230336569
Problems_in_China,Oversampling,SMOTE,Naive Bayes,0.83,0.17,17,85%,0.4300996839290056,0.8850837138508372,0.6727449550206662,0.6727449550206662
Problems_in_China,Oversampling,SMOTE,XGBoost,0.83,0.17,17,85%,0.45606925769018236,0.9070294784580499,0.6878872991949991,0.6879086472050834
Problems_in_China,Oversampling,SMOTE,Random Forest,0.83,0.17,17,85%,0.4594208080085806,0.894300518134715,0.6821594565606007,0.6821594565606006
Problems_in_China,Oversampling,SMOTE,Logistic Regression,0.17,0.83,18,90%,0.7927433391350918,0.40463336294676416,0.6494225380988178,0.6494225380988178
Problems_in_China,Oversampling,SMOTE,Decision Tree,0.17,0.83,18,90%,0.8086209690487766,0.4275554793933682,0.6631865813690625,0.6631966756629396
Problems_in_China,Oversampling,SMOTE,Naive Bayes,0.17,0.83,18,90%,0.8183716075156576,0.4500574052812859,0.6750861079219289,0.6750861079219288
Problems_in_China,Oversampling,SMOTE,XGBoost,0.17,0.83,18,90%,0.8321167883211679,0.45607931814228564,0.6820316576795965,0.6820316576795965
Problems_in_China,Oversampling,SMOTE,Random Forest,0.17,0.83,18,90%,0.8369047619047619,0.4748395812225599,0.6911672585383563,0.691203781867297
Problems_in_China,Oversampling,SMOTE,Logistic Regression,0.33,0.67,18,90%,0.775554085345683,0.32044010114125604,0.6138522517597212,0.6138522517597211
Problems_in_China,Oversampling,SMOTE,Decision Tree,0.33,0.67,18,90%,0.7928079001304267,0.36457887070516665,0.63465406866307,0.6346656385211841
Problems_in_China,Oversampling,SMOTE,Naive Bayes,0.33,0.67,18,90%,0.5922563217528326,0.9061997703788749,0.6411595866819748,0.6411595866819747
Problems_in_China,Oversampling,SMOTE,XGBoost,0.33,0.67,18,90%,0.8280346820809249,0.3986780309619064,0.6579405113932858,0.6579405113932858
Problems_in_China,Oversampling,SMOTE,Random Forest,0.33,0.67,18,90%,0.6009874326750448,0.9044241810199257,0.6520770466206989,0.6520344420057403
Problems_in_China,Oversampling,SMOTE,Logistic Regression,0.5,0.5,18,90%,0.7253479125248509,0.49866739561265633,0.6549238023645185,0.6549238023645185
Problems_in_China,Oversampling,SMOTE,Decision Tree,0.5,0.5,18,90%,0.6168293236495688,0.9314540313597807,0.6764449731850308,0.6764340487512316
Problems_in_China,Oversampling,SMOTE,Naive Bayes,0.5,0.5,18,90%,0.7732508165721163,0.5164179104477612,0.6824913892078072,0.6824913892078072
Problems_in_China,Oversampling,SMOTE,XGBoost,0.5,0.5,18,90%,0.7887436649773273,0.5143503217950948,0.6882936162810924,0.6882936162810923
Problems_in_China,Oversampling,SMOTE,Random Forest,0.5,0.5,18,90%,0.6277027027027027,0.9412360688956434,0.6915835982560594,0.6915414485902415
Problems_in_China,Oversampling,SMOTE,Logistic Regression,0.67,0.33,18,90%,0.2712362468393357,0.8013325257419746,0.6813597190466957,0.601995489646689
Problems_in_China,Oversampling,SMOTE,Decision Tree,0.67,0.33,18,90%,0.2814668837289007,0.8585990590695243,0.7144611834774788,0.6175727198731954
Problems_in_China,Oversampling,SMOTE,Naive Bayes,0.67,0.33,18,90%,0.28794489092996556,0.8784588441330998,0.7263217667284105,0.624052812858783
Problems_in_China,Oversampling,SMOTE,XGBoost,0.67,0.33,18,90%,0.2957036006261959,0.8872651356993737,0.732350998240002,0.6290659245086102
Problems_in_China,Oversampling,SMOTE,Random Forest,0.67,0.33,18,90%,0.3005741303613644,0.8882235528942116,0.7336870660223954,0.6314367719061287
Problems_in_China,Oversampling,SMOTE,Logistic Regression,0.83,0.17,18,90%,0.40080639650105926,0.8013325257419746,0.6464156358914782,0.6464156358914782
Problems_in_China,Oversampling,SMOTE,Decision Tree,0.83,0.17,18,90%,0.42489932310855966,0.8585990590695243,0.6634863305056163,0.6634965514286938
Problems_in_China,Oversampling,SMOTE,Naive Bayes,0.83,0.17,18,90%,0.9063145809414466,0.8784588441330998,0.674971297359357,0.674971297359357
Problems_in_China,Oversampling,SMOTE,XGBoost,0.83,0.17,18,90%,0.4439032875282658,0.8872651356993737,0.6794225082623064,0.6794225082623064
Problems_in_China,Oversampling,SMOTE,Random Forest,0.83,0.17,18,90%,0.9050996285038838,0.8882235528942116,0.6800987676618001,0.68006078001013
Problems_in_China,Oversampling,SMOTE,Logistic Regression,0.17,0.83,19,95%,0.7844386162108156,0.406668824862415,0.6474623419922589,0.6474701369330873
Problems_in_China,Oversampling,SMOTE,Decision Tree,0.17,0.83,19,95%,0.8152307692307692,0.43011363636363636,0.6663109784220975,0.6663013921019522
Problems_in_China,Oversampling,SMOTE,Naive Bayes,0.17,0.83,19,95%,0.8079703067005275,0.44990753834439245,0.671494991708633,0.6715070430195247
Problems_in_China,Oversampling,SMOTE,XGBoost,0.17,0.83,19,95%,0.8244504667268895,0.45121951219512196,0.6775708635464733,0.6775708635464733
Problems_in_China,Oversampling,SMOTE,Random Forest,0.17,0.83,19,95%,0.8337182448036952,0.4619321817018554,0.6849008317338452,0.6849008317338452
Problems_in_China,Oversampling,SMOTE,Logistic Regression,0.33,0.67,19,95%,0.780893536121673,0.31913240530916154,0.6147973304546585,0.6148069016865754
Problems_in_China,Oversampling,SMOTE,Decision Tree,0.33,0.67,19,95%,0.8103448275862069,0.354788961038961,0.6358732531471288,0.6358618450424124
Problems_in_China,Oversampling,SMOTE,Naive Bayes,0.33,0.67,19,95%,0.803821373028216,0.3935603176329816,0.6487597106981527,0.6487735900364388
Problems_in_China,Oversampling,SMOTE,XGBoost,0.33,0.67,19,95%,0.8020763563295379,0.3946934739617666,0.6486486486486487,0.6486486486486487
Problems_in_China,Oversampling,SMOTE,Random Forest,0.33,0.67,19,95%,0.8270725388601037,0.40850927703135,0.6615483045425462,0.6615483045425464
Problems_in_China,Oversampling,SMOTE,Logistic Regression,0.5,0.5,19,95%,0.5958078821855911,0.92204596956944,0.6482882961922041,0.6482794341393934
Problems_in_China,Oversampling,SMOTE,Decision Tree,0.5,0.5,19,95%,0.7567243035542748,0.511525974025974,0.6735322864691117,0.6735257112707497
Problems_in_China,Oversampling,SMOTE,Naive Bayes,0.5,0.5,19,95%,0.6141529664045747,0.93462417056456,0.6737510672270266,0.6737368793169087
Problems_in_China,Oversampling,SMOTE,XGBoost,0.5,0.5,19,95%,0.779404341241797,0.5088991430454846,0.6824324324324325,0.6824324324324325
Problems_in_China,Oversampling,SMOTE,Random Forest,0.5,0.5,19,95%,0.78466796875,0.5140754958413307,0.6865003198976327,0.6865003198976327
Problems_in_China,Oversampling,SMOTE,Logistic Regression,0.67,0.33,19,95%,0.2585950145678213,0.814437194127243,0.6868968977524275,0.5998510893140397
Problems_in_China,Oversampling,SMOTE,Decision Tree,0.67,0.33,19,95%,0.28863636363636364,0.8633163389172129,0.7181104111740062,0.6214537927675636
Problems_in_China,Oversampling,SMOTE,Naive Bayes,0.67,0.33,19,95%,0.2883715870771239,0.8789787798408488,0.7266860589725355,0.624354163267526
Problems_in_China,Oversampling,SMOTE,XGBoost,0.67,0.33,19,95%,0.2933421226104153,0.8868958644743398,0.7317784683216797,0.6279663810151616
Problems_in_China,Oversampling,SMOTE,Random Forest,0.67,0.33,19,95%,0.2866282789507358,0.8968968968968969,0.7361887873024366,0.6268394113883557
Problems_in_China,Oversampling,SMOTE,Logistic Regression,0.83,0.17,19,95%,0.39741016510197474,0.814437194127243,0.6433833163979381,0.6433912790133048
Problems_in_China,Oversampling,SMOTE,Decision Tree,0.83,0.17,19,95%,0.4212662337662338,0.8633163389172129,0.6639572503355076,0.6639474004626811
Problems_in_China,Oversampling,SMOTE,Naive Bayes,0.83,0.17,19,95%,0.4406613727836397,0.8789787798408488,0.66888409078599,0.6688965029640507
Problems_in_China,Oversampling,SMOTE,XGBoost,0.83,0.17,19,95%,0.4431443638760712,0.8868958644743398,0.6718852999340804,0.6718852999340804
Problems_in_China,Oversampling,SMOTE,Random Forest,0.83,0.17,19,95%,0.4532949456174024,0.8968968968968969,0.6837811900191938,0.6837811900191939
Problems_in_China,Oversampling,SMOTE,Logistic Regression,0.17,0.83,20,100%,0.7907032466754522,0.4059539918809202,0.6492529046679342,0.6492603868745579
Problems_in_China,Oversampling,SMOTE,Decision Tree,0.17,0.83,20,100%,0.7993050729673384,0.4434762492288711,0.66606261566934,0.6660626156693399
Problems_in_China,Oversampling,SMOTE,Naive Bayes,0.17,0.83,20,100%,0.8227896341463414,0.446212669215666,0.6750592174348634,0.6750710410746578
Problems_in_China,Oversampling,SMOTE,XGBoost,0.17,0.83,20,100%,0.823076923076923,0.46900438321853477,0.6840872863329247,0.6840704500978474
Problems_in_China,Oversampling,SMOTE,Random Forest,0.17,0.83,20,100%,0.8344975819451907,0.47203647416413375,0.6892239496314441,0.6892569518310288
Problems_in_China,Oversampling,SMOTE,Logistic Regression,0.33,0.67,20,100%,0.5599183107274969,0.8937753721244925,0.5956668237705924,0.5956576559953255
Problems_in_China,Oversampling,SMOTE,Decision Tree,0.33,0.67,20,100%,0.793273174733388,0.37284083898827886,0.6378392967304133,0.6378392967304133
Problems_in_China,Oversampling,SMOTE,Naive Bayes,0.33,0.67,20,100%,0.795392670157068,0.3924770073369846,0.6457631988534478,0.6457762851976233
Problems_in_China,Oversampling,SMOTE,XGBoost,0.33,0.67,20,100%,0.8141702921068987,0.41014402003757044,0.6582581694050386,0.6582387475538161
Problems_in_China,Oversampling,SMOTE,Random Forest,0.33,0.67,20,100%,0.8259061200237671,0.42249240121580545,0.6667308557279271,0.6667679683938611
Problems_in_China,Oversampling,SMOTE,Logistic Regression,0.5,0.5,20,100%,0.5956053667550414,0.9119817935785459,0.6464085116487355,0.6464003444352185
Problems_in_China,Oversampling,SMOTE,Decision Tree,0.5,0.5,20,100%,0.7496365872749636,0.5169648365206663,0.6721545342381248,0.6721545342381247
Problems_in_China,Oversampling,SMOTE,Naive Bayes,0.5,0.5,20,100%,0.6249638205499276,0.8925286762426372,0.6784920711240051,0.6784810126582278
Problems_in_China,Oversampling,SMOTE,XGBoost,0.5,0.5,20,100%,0.8136246786632391,0.495460237946149,0.6909742085299869,0.690958904109589
Problems_in_China,Oversampling,SMOTE,Random Forest,0.5,0.5,20,100%,0.6288227901131127,0.9124620060790274,0.6870119206937222,0.6869776629691536
Problems_in_China,Oversampling,SMOTE,Logistic Regression,0.67,0.33,20,100%,0.27321933817197686,0.8340217799474278,0.6997331142390959,0.6094350647353692
Problems_in_China,Oversampling,SMOTE,Decision Tree,0.67,0.33,20,100%,0.287553979025293,0.8529277218664227,0.7122410822279619,0.6189851943244911
Problems_in_China,Oversampling,SMOTE,Naive Bayes,0.67,0.33,20,100%,0.30360648961454995,0.8659003831417624,0.7218550907063279,0.6283130973908551
Problems_in_China,Oversampling,SMOTE,XGBoost,0.67,0.33,20,100%,0.3019724483406387,0.8877128393925449,0.7335659084719751,0.6318590998043053
Problems_in_China,Oversampling,SMOTE,Random Forest,0.67,0.33,20,100%,0.30303951367781157,0.8917710196779964,0.7360191360517019,0.6331864458289014
Problems_in_China,Oversampling,SMOTE,Logistic Regression,0.83,0.17,20,100%,0.88516422684217,0.8340217799474278,0.6347833558099159,0.6347756558108066
Problems_in_China,Oversampling,SMOTE,Decision Tree,0.83,0.17,20,100%,0.4330660086366441,0.8529277218664227,0.6654457125231338,0.6654457125231339
Problems_in_China,Oversampling,SMOTE,Naive Bayes,0.83,0.17,20,100%,0.4355688746512349,0.8659003831417624,0.6714422178587854,0.6714544045466287
Problems_in_China,Oversampling,SMOTE,XGBoost,0.83,0.17,20,100%,0.4549154664996869,0.8877128393925449,0.6805656086216925,0.6805479452054795
Problems_in_China,Oversampling,SMOTE,Random Forest,0.83,0.17,20,100%,0.4623100303951368,0.8917710196779964,0.6870954588317222,0.6871296155599453
